year,event,geoid,geolab,denom-hip,observed_benes-hip,observed-hip,predicted-hip,HRR #,HRR City,State,Resident Population (2010),"Physicians per 100,000","Orthopedic Surgeons per 100,000",geoid-knee,geolab-knee,denom-knee,observed_benes-knee,observed-knee,predicted-knee,obspred_ratio-knee
2011,HIPREP,1,AL- BIRMINGHAM,250544,776,789,922.5551776,1,Birmingham,AL,"2,266,679",179.5,6.4,1,AL- BIRMINGHAM,250544,2020,2080,2039.6652,1.019775206
2011,HIPREP,2,AL- DOTHAN,51831,126,131,189.8740583,2,Dothan,AL,"375,495",150.5,5.11,2,AL- DOTHAN,51831,419,428,421.7090053,1.014917857
2011,HIPREP,5,AL- HUNTSVILLE,78622,283,289,297.6048896,5,Huntsville,AL,"625,318",177.7,5.88,5,AL- HUNTSVILLE,78622,679,694,660.415137,1.050854169
2011,HIPREP,6,AL- MOBILE,84649,242,250,306.9042752,6,Mobile,AL,"835,841",172.9,7.5,6,AL- MOBILE,84649,721,741,682.4088446,1.085859314
2011,HIPREP,7,AL- MONTGOMERY,47444,128,130,166.1490179,7,Montgomery,AL,"477,536",147.7,5.57,7,AL- MONTGOMERY,47444,359,372,370.5902661,1.003804023
2011,HIPREP,9,AL- TUSCALOOSA,31120,73,73,110.1382945,9,Tuscaloosa,AL,"268,546",173.6,4.98,9,AL- TUSCALOOSA,31120,226,233,245.4883078,0.949128706
2011,HIPREP,10,AK- ANCHORAGE,58741,243,248,221.9471445,10,Anchorage,AK,"710,231",251,10.77,10,AK- ANCHORAGE,58741,425,437,499.0458753,0.875670999
2011,HIPREP,11,AZ- MESA,86139,368,377,325.5150192,11,Mesa,AZ,"1,383,647",153.7,4.66,11,AZ- MESA,86139,814,853,720.328417,1.184182076
2011,HIPREP,12,AZ- PHOENIX,275796,1010,1038,1043.730808,12,Phoenix,AZ,"3,367,249",193.5,5.75,12,AZ- PHOENIX,275796,2300,2419,2317.059005,1.043995856
2011,HIPREP,14,AZ- SUN CITY,47693,216,223,183.6459296,14,Sun City,AZ,"299,382",204.5,6.37,14,AZ- SUN CITY,47693,521,543,392.5530152,1.383252654
2011,HIPREP,15,AZ- TUCSON,111388,395,405,422.0862913,15,Tucson,AZ,"1,220,712",204,5.39,15,AZ- TUCSON,111388,938,986,927.1279406,1.063499391
2011,HIPREP,16,AR- FORT SMITH,45634,104,105,176.3857644,16,Fort Smith,AR,"376,671",158,4.77,16,AR- FORT SMITH,45634,341,367,386.1165389,0.950490236
2011,HIPREP,18,AR- JONESBORO,31245,79,80,122.0014757,18,Jonesboro,AR,"238,879",152.7,4.78,18,AR- JONESBORO,31245,197,204,266.7112428,0.764872143
2011,HIPREP,19,AR- LITTLE ROCK,209824,628,646,784.539255,19,Little Rock,AR,"1,562,672",173.9,4.92,19,AR- LITTLE ROCK,209824,1741,1812,1726.886812,1.049287068
2011,HIPREP,21,AR- SPRINGDALE,53417,179,182,207.0387931,21,Springdale,AR,"539,119",166.3,5.18,21,AR- SPRINGDALE,53417,455,477,451.4212011,1.056662821
2011,HIPREP,22,AR- TEXARKANA,35123,96,100,129.1694935,22,Texarkana,AR,"265,125",156.2,4.79,22,AR- TEXARKANA,35123,282,290,286.2300157,1.01317117
2011,HIPREP,23,CA- ORANGE CO.,209362,665,687,798.1202945,23,Orange County,CA,"3,326,926",206.1,6.38,23,CA- ORANGE CO.,209362,1238,1300,1740.989052,0.746701996
2011,HIPREP,25,CA- BAKERSFIELD,71809,206,213,272.5710644,25,Bakersfield,CA,"1,162,201",144.8,3.63,25,CA- BAKERSFIELD,71809,518,540,600.2316319,0.899652686
2011,HIPREP,31,CA- CHICO,45028,176,181,172.7748308,31,Chico,CA,"298,777",194.2,11.44,31,CA- CHICO,45028,350,367,372.7552334,0.984560288
2011,HIPREP,33,CA- CONTRA COSTA CO.,68412,247,253,253.6484911,33,Contra Costa County,CA,"1,042,332",238.7,6.74,33,CA- CONTRA COSTA CO.,68412,470,485,553.2312372,0.876667779
2011,HIPREP,43,CA- FRESNO,86206,232,238,324.2089063,43,Fresno,CA,"1,243,382",155.3,3.85,43,CA- FRESNO,86206,623,645,706.4974168,0.912954506
2011,HIPREP,56,CA- LOS ANGELES,578405,1568,1605,2136.895955,56,Los Angeles,CA,"9,865,879",199.7,5.24,56,CA- LOS ANGELES,578405,3133,3273,4664.22338,0.701724539
2011,HIPREP,58,CA- MODESTO,71824,206,210,273.6713903,58,Modesto,CA,"901,675",182.8,5.85,58,CA- MODESTO,71824,582,604,600.1161297,1.006471865
2011,HIPREP,62,CA- NAPA,35851,178,180,134.8712968,62,Napa,CA,"273,357",279.2,7.31,62,CA- NAPA,35851,307,320,293.0320136,1.092030854
2011,HIPREP,65,CA- ALAMEDA CO.,88103,233,238,313.5282819,65,Alameda County,CA,"1,539,335",264.3,6.1,65,CA- ALAMEDA CO.,88103,392,411,688.1497798,0.597253697
2011,HIPREP,69,CA- PALM SPR/RANCHO MIR.,41556,203,209,158.6854779,69,Palm Springs/Rancho Mirage,CA,"347,347",171.8,5.62,69,CA- PALM SPR/RANCHO MIR.,41556,346,358,343.5100285,1.042182092
2011,HIPREP,73,CA- REDDING,51978,194,198,199.5076743,73,Redding,CA,"344,423",192.4,6.52,73,CA- REDDING,51978,415,439,435.0379594,1.009107345
2011,HIPREP,77,CA- SACRAMENTO,193019,682,696,725.1181683,77,Sacramento,CA,"2,599,682",205.5,6.3,77,CA- SACRAMENTO,193019,1440,1495,1584.367092,0.943594453
2011,HIPREP,78,CA- SALINAS,42589,143,145,162.4538406,78,Salinas,CA,"397,642",204.4,7.15,78,CA- SALINAS,42589,282,294,350.8480794,0.83796953
2011,HIPREP,79,CA- SAN BERNARDINO,126008,299,308,462.2673483,79,San Bernardino,CA,"3,110,629",155.9,4.73,79,CA- SAN BERNARDINO,126008,686,711,1025.436703,0.693363128
2011,HIPREP,80,CA- SAN DIEGO,234903,697,714,881.0838149,80,San Diego,CA,"3,699,736",203.3,6.97,80,CA- SAN DIEGO,234903,1452,1520,1923.163282,0.790364507
2011,HIPREP,81,CA- SAN FRANCISCO,109748,334,340,401.9777904,81,San Francisco,CA,"1,435,975",288.4,6.25,81,CA- SAN FRANCISCO,109748,588,604,873.3241147,0.691610354
2011,HIPREP,82,CA- SAN JOSE,113925,310,316,433.508441,82,San Jose,CA,"1,760,505",224.8,5.39,82,CA- SAN JOSE,113925,611,629,946.6861487,0.664422946
2011,HIPREP,83,CA- SAN LUIS OBISPO,33415,158,162,127.4088612,83,San Luis Obispo,CA,"253,919",255.5,7.9,83,CA- SAN LUIS OBISPO,33415,301,318,274.6476804,1.157847026
2011,HIPREP,85,CA- SAN MATEO CO.,60914,228,229,228.4414581,85,San Mateo County,CA,"798,280",241.2,5.8,85,CA- SAN MATEO CO.,60914,339,349,496.7144743,0.702616932
2011,HIPREP,86,CA- SANTA BARBARA,46597,184,188,177.9477422,86,Santa Barbara,CA,"439,613",214,7.79,86,CA- SANTA BARBARA,46597,364,378,384.271729,0.983678922
2011,HIPREP,87,CA- SANTA CRUZ,27442,105,109,103.7232498,87,Santa Cruz,CA,"276,374",247.7,4.95,87,CA- SANTA CRUZ,27442,165,174,225.5091054,0.771587469
2011,HIPREP,89,CA- SANTA ROSA,43068,214,224,161.80642,89,Santa Rosa,CA,"491,019",238.9,5.82,89,CA- SANTA ROSA,43068,348,361,348.1306074,1.036967139
2011,HIPREP,91,CA- STOCKTON,41472,102,109,154.2002177,91,Stockton,CA,"587,662",167.5,6.49,91,CA- STOCKTON,41472,287,302,338.218419,0.892914114
2011,HIPREP,96,CA- VENTURA,74582,324,333,283.9316024,96,Ventura,CA,"856,948",212.3,6.97,96,CA- VENTURA,74582,529,549,619.3927646,0.886351975
2011,HIPREP,101,CO- BOULDER,21476,117,117,81.04998411,101,Boulder,CO,"308,401",207.4,7.9,101,CO- BOULDER,21476,185,198,178.2812112,1.110604974
2011,HIPREP,102,CO- COLORADO SPRINGS,76964,332,342,293.4729836,102,Colorado Springs,CO,"822,312",208,7.85,102,CO- COLORADO SPRINGS,76964,734,771,646.6394965,1.192318137
2011,HIPREP,103,CO- DENVER,171289,820,845,636.7668417,103,Denver,CO,"2,854,350",230.7,7.09,103,CO- DENVER,171289,1640,1717,1401.623924,1.225007629
2011,HIPREP,104,CO- FORT COLLINS,33965,194,207,129.8863004,104,Fort Collins,CO,"330,625",222.7,8.46,104,CO- FORT COLLINS,33965,321,335,282.9755937,1.183847679
2011,HIPREP,105,CO- GRAND JUNCTION,33865,175,181,128.3410383,105,Grand Junction,CO,"336,195",226.1,12.3,105,CO- GRAND JUNCTION,33865,366,379,283.6252024,1.336270531
2011,HIPREP,106,CO- GREELEY,36222,177,184,139.2261504,106,Greeley,CO,"362,491",184.1,6.48,106,CO- GREELEY,36222,388,407,301.1683571,1.351403593
2011,HIPREP,107,CO- PUEBLO,19343,69,70,74.32548829,107,Pueblo,CO,"174,412",210.4,8.04,107,CO- PUEBLO,19343,192,195,161.4677213,1.207671715
2011,HIPREP,109,CT- BRIDGEPORT,72114,316,325,267.2919491,109,Bridgeport,CT,"682,523",248,8.15,109,CT- BRIDGEPORT,72114,421,430,573.1092623,0.750293231
2011,HIPREP,110,CT- HARTFORD,175735,681,700,659.9520144,110,Hartford,CT,"1,518,368",228.7,7.45,110,CT- HARTFORD,175735,1199,1265,1402.993476,0.901643537
2011,HIPREP,111,CT- NEW HAVEN,169393,739,752,633.8414696,111,New Haven,CT,"1,473,486",257.6,8.09,111,CT- NEW HAVEN,169393,1176,1220,1350.652652,0.903267023
2011,HIPREP,112,DE- WILMINGTON,98536,358,366,358.5264063,112,Wilmington,DE,"799,415",216.6,6.5,112,DE- WILMINGTON,98536,773,806,792.0076007,1.017667001
2011,HIPREP,113,DC- WASHINGTON,285298,991,1015,971.3277249,113,Washington,DC,"2,619,174",302,8.12,113,DC- WASHINGTON,285298,2066,2150,2177.298196,0.987462353
2011,HIPREP,115,FL- BRADENTON,41651,188,196,158.2236247,115,Bradenton,FL,"294,147",167.8,5.93,115,FL- BRADENTON,41651,340,352,338.9226086,1.038585185
2011,HIPREP,116,FL- CLEARWATER,62139,280,288,235.4457481,116,Clearwater,FL,"506,831",185.3,6.29,116,FL- CLEARWATER,62139,430,450,493.5614421,0.911740589
2011,HIPREP,118,FL- FORT LAUDERDALE,304987,1435,1475,1134.166943,118,Fort Lauderdale,FL,"2,751,603",212.7,7.22,118,FL- FORT LAUDERDALE,304987,2038,2135,2400.484261,0.889403874
2011,HIPREP,119,FL- FORT MYERS,196424,1043,1064,752.5792788,119,Fort Myers,FL,"1,181,791",175.4,5.2,119,FL- FORT MYERS,196424,2023,2103,1634.411955,1.286701308
2011,HIPREP,120,FL- GAINESVILLE,71786,194,198,267.0670948,120,Gainesville,FL,"562,745",200.7,5.5,120,FL- GAINESVILLE,71786,492,517,588.5415427,0.878442663
2011,HIPREP,122,FL- HUDSON,53766,214,217,206.0358946,122,Hudson,FL,"406,205",185.6,5.01,122,FL- HUDSON,53766,378,394,438.7204463,0.898066191
2011,HIPREP,123,FL- JACKSONVILLE,170270,654,675,622.3223585,123,Jacksonville,FL,"1,629,762",210.4,5.83,123,FL- JACKSONVILLE,170270,1461,1593,1377.089485,1.15678757
2011,HIPREP,124,FL- LAKELAND,35359,105,107,133.538691,124,Lakeland,FL,"379,871",162.5,3.71,124,FL- LAKELAND,35359,281,294,288.7754446,1.018092104
2011,HIPREP,127,FL- MIAMI,192984,384,394,713.7992964,127,Miami,FL,"3,206,923",202.4,5.02,127,FL- MIAMI,192984,900,936,1542.759342,0.606705126
2011,HIPREP,129,FL- OCALA,116195,538,550,448.2051945,129,Ocala,FL,"529,541",166.7,4.75,129,FL- OCALA,116195,978,1012,983.4628494,1.029017009
2011,HIPREP,130,FL- ORLANDO,397686,1453,1499,1500.336622,130,Orlando,FL,"3,636,809",178.5,5.45,130,FL- ORLANDO,397686,3040,3198,3259.273609,0.981200225
2011,HIPREP,131,FL- ORMOND BEACH,56880,211,220,214.1074957,131,Ormond Beach,FL,"384,147",185.9,6.09,131,FL- ORMOND BEACH,56880,489,504,465.9058597,1.0817636
2011,HIPREP,133,FL- PANAMA CITY,30266,94,95,115.0753575,133,Panama City,FL,"217,194",169.1,5.61,133,FL- PANAMA CITY,30266,254,261,254.0895945,1.027196728
2011,HIPREP,134,FL- PENSACOLA,100019,313,323,377.6326079,134,Pensacola,FL,"759,479",212.1,9.28,134,FL- PENSACOLA,100019,867,895,835.1297503,1.071689758
2011,HIPREP,137,FL- SARASOTA,96228,503,515,369.6713989,137,Sarasota,FL,"411,215",194.7,6.91,137,FL- SARASOTA,96228,902,932,788.8652226,1.181443893
2011,HIPREP,139,FL- ST PETERSBURG,44967,174,178,166.7979286,139,St. Petersburg,FL,"409,711",252.3,7.36,139,FL- ST PETERSBURG,44967,310,322,354.9674827,0.907125344
2011,HIPREP,140,FL- TALLAHASSEE,73501,195,201,261.1901176,140,Tallahassee,FL,"840,531",155.6,5.24,140,FL- TALLAHASSEE,73501,431,456,580.4763287,0.785561749
2011,HIPREP,141,FL- TAMPA,101626,363,371,377.821422,141,Tampa,FL,"1,382,909",196.8,5.2,141,FL- TAMPA,101626,625,660,822.7179549,0.80221903
2011,HIPREP,142,GA- ALBANY,21126,48,49,71.16864307,142,Albany,GA,"217,537",154.5,6.32,142,GA- ALBANY,21126,142,149,159.9913802,0.931300173
2011,HIPREP,144,GA- ATLANTA,472155,1524,1564,1694.587571,144,Atlanta,GA,"6,245,951",186,5.62,144,GA- ATLANTA,472155,3488,3630,3788.708039,0.958110248
2011,HIPREP,145,GA- AUGUSTA,69449,196,206,243.0741684,145,Augusta,GA,"670,255",204.8,6.03,145,GA- AUGUSTA,69449,517,533,543.8796357,0.979996244
2011,HIPREP,146,GA- COLUMBUS,32697,94,96,112.6663267,146,Columbus,GA,"347,403",181.4,6.62,146,GA- COLUMBUS,32697,284,293,251.763371,1.163791217
2011,HIPREP,147,GA- MACON,71533,189,196,252.0203484,147,Macon,GA,"738,696",179.6,5.87,147,GA- MACON,71533,517,530,563.313165,0.940862087
2011,HIPREP,148,GA- ROME,33078,90,91,126.4324507,148,Rome,GA,"290,619",179.1,7.29,148,GA- ROME,33078,277,285,279.5295949,1.019570039
2011,HIPREP,149,GA- SAVANNAH,90229,358,364,324.2728651,149,Savannah,GA,"857,892",175.6,6.14,149,GA- SAVANNAH,90229,799,823,726.6893313,1.132533484
2011,HIPREP,150,HI- HONOLULU,107464,201,205,406.9162867,150,Honolulu,HI,"1,360,301",225.6,6.51,150,HI- HONOLULU,107464,425,441,885.627703,0.497951903
2011,HIPREP,151,ID- BOISE,74205,359,376,283.7130329,151,Boise,ID,"884,532",185,8.38,151,ID- BOISE,74205,806,853,617.1403235,1.3821816
2011,HIPREP,152,ID- IDAHO FALLS,19883,120,124,76.88363435,152,Idaho Falls,ID,"234,888",160.9,10.31,152,ID- IDAHO FALLS,19883,274,286,167.2999717,1.709504174
2011,HIPREP,154,IL- AURORA,24586,93,96,92.57579515,154,Aurora,IL,"328,881",167.2,6.34,154,IL- AURORA,24586,236,246,206.1453084,1.193333003
2011,HIPREP,155,IL- BLUE ISLAND,108196,395,401,384.9487556,155,Blue Island,IL,"850,865",209.9,4.81,155,IL- BLUE ISLAND,108196,938,971,846.1982239,1.147485273
2011,HIPREP,156,IL- CHICAGO,215146,565,586,698.3449531,156,Chicago,IL,"2,580,102",259.6,4.42,156,IL- CHICAGO,215146,1101,1145,1576.000558,0.726522585
2011,HIPREP,158,IL- ELGIN,80730,393,401,309.0036775,158,Elgin,IL,"804,491",192.2,6.85,158,IL- ELGIN,80730,796,828,681.9539281,1.214158268
2011,HIPREP,161,IL- EVANSTON,139418,678,688,535.8515493,161,Evanston,IL,"911,935",281.2,7.22,161,IL- EVANSTON,139418,1063,1089,1143.241508,0.952554637
2011,HIPREP,163,IL- HINSDALE,52921,229,235,199.4161741,163,Hinsdale,IL,"475,854",225.7,7.6,163,IL- HINSDALE,52921,457,480,436.2562117,1.100270866
2011,HIPREP,164,IL- JOLIET,77321,341,352,293.0805175,164,Joliet,IL,"712,269",190.3,6.97,164,IL- JOLIET,77321,791,818,642.123462,1.273898321
2011,HIPREP,166,IL- MELROSE PARK,147366,596,608,554.461405,166,Melrose Park,IL,"1,356,189",222,7.13,166,IL- MELROSE PARK,147366,1200,1246,1202.130516,1.036493113
2011,HIPREP,170,IL- PEORIA,86255,379,385,329.6316326,170,Peoria,IL,"619,115",181.3,5.91,170,IL- PEORIA,86255,808,843,707.411538,1.191668435
2011,HIPREP,171,IL- ROCKFORD,92722,395,409,353.8914037,171,Rockford,IL,"725,704",201,6.53,171,IL- ROCKFORD,92722,865,893,765.7815538,1.166128899
2011,HIPREP,172,IL- SPRINGFIELD,131164,557,571,504.0879985,172,Springfield,IL,"839,840",186,6.56,172,IL- SPRINGFIELD,131164,1336,1387,1083.415471,1.280210627
2011,HIPREP,173,IL- URBANA,52024,221,232,198.3695355,173,Urbana,IL,"447,652",194.6,5.51,173,IL- URBANA,52024,489,511,428.4893461,1.19256174
2011,HIPREP,175,IL- BLOOMINGTON,20206,101,105,77.03483196,175,Bloomington,IL,"205,633",170.2,6.35,175,IL- BLOOMINGTON,20206,203,207,166.10685,1.246185814
2011,HIPREP,179,IN- EVANSVILLE,91962,333,338,356.3632838,179,Evansville,IN,"681,289",180.3,6.61,179,IN- EVANSVILLE,91962,893,938,770.4853726,1.217414416
2011,HIPREP,180,IN- FORT WAYNE,76413,357,365,289.8333955,180,Fort Wayne,IN,"874,115",149.4,5.04,180,IN- FORT WAYNE,76413,687,714,620.5948951,1.15050898
2011,HIPREP,181,IN- GARY,67848,246,246,244.5219963,181,Gary,IN,"523,706",177.3,5.49,181,IN- GARY,67848,597,626,540.4722106,1.158246414
2011,HIPREP,183,IN- INDIANAPOLIS,307907,1208,1240,1163.370438,183,Indianapolis,IN,"2,852,024",211.5,7.08,183,IN- INDIANAPOLIS,307907,2623,2721,2536.834774,1.072596461
2011,HIPREP,184,IN- LAFAYETTE,24000,97,99,92.41268007,184,Lafayette,IN,"247,432",163.1,3.38,184,IN- LAFAYETTE,24000,243,254,199.7040898,1.271881814
2011,HIPREP,185,IN- MUNCIE,23485,95,95,90.28151084,185,Muncie,IN,"166,875",188.2,7.5,185,IN- MUNCIE,23485,211,221,195.7269535,1.129123996
2011,HIPREP,186,IN- MUNSTER,39598,175,181,147.1929602,186,Munster,IN,"323,286",192.2,5.02,186,IN- MUNSTER,39598,357,376,319.1253032,1.178220581
2011,HIPREP,187,IN- SOUTH BEND,76016,345,357,288.2313334,187,South Bend,IN,"687,030",181.5,7.38,187,IN- SOUTH BEND,76016,721,752,616.6995646,1.219394407
2011,HIPREP,188,IN- TERRE HAUTE,24866,85,88,96.18823279,188,Terre Haute,IN,"186,341",163.1,4.63,188,IN- TERRE HAUTE,24866,189,201,207.7996408,0.967277899
2011,HIPREP,190,IA- CEDAR RAPIDS,33108,172,176,127.1518822,190,Cedar Rapids,IA,"306,104",163.1,5.16,190,IA- CEDAR RAPIDS,33108,337,375,271.6655575,1.380373734
2011,HIPREP,191,IA- DAVENPORT,69469,307,313,266.0778024,191,Davenport,IA,"493,646",183.1,6.76,191,IA- DAVENPORT,69469,713,757,572.7314547,1.321736381
2011,HIPREP,192,IA- DES MOINES,138825,642,667,534.9087512,192,Des Moines,IA,"1,093,635",184.5,5.83,192,IA- DES MOINES,138825,1522,1632,1143.622132,1.427044785
2011,HIPREP,193,IA- DUBUQUE,15479,71,74,60.21617572,193,Dubuque,IA,"151,837",174.2,6.1,193,IA- DUBUQUE,15479,167,176,130.7201802,1.346387373
2011,HIPREP,194,IA- IOWA CITY,41889,199,204,161.133686,194,Iowa City,IA,"345,215",205,6.67,194,IA- IOWA CITY,41889,473,494,344.6808919,1.433209707
2011,HIPREP,195,IA- MASON CITY,25531,129,135,99.09725664,195,Mason City,IA,"134,425",187.4,6.04,195,IA- MASON CITY,25531,276,298,208.7052091,1.42785128
2011,HIPREP,196,IA- SIOUX CITY,33367,163,169,129.0587297,196,Sioux City,IA,"255,569",151.1,8.27,196,IA- SIOUX CITY,33367,426,445,272.4639237,1.633243748
2011,HIPREP,197,IA- WATERLOO,29809,136,136,113.8758083,197,Waterloo,IA,"213,477",193.7,6.98,197,IA- WATERLOO,29809,327,348,243.4905557,1.429213544
2011,HIPREP,200,KS- TOPEKA,58952,244,250,225.2209937,200,Topeka,KS,"455,318",172.8,5.21,200,KS- TOPEKA,58952,651,671,485.8982573,1.380947534
2011,HIPREP,201,KS- WICHITA,168771,700,715,648.6966475,201,Wichita,KS,"1,270,655",158.8,6.21,201,KS- WICHITA,168771,1886,1976,1386.877261,1.424783617
2011,HIPREP,203,KY- COVINGTON,35402,139,141,136.8423325,203,Covington,KY,"414,106",188.2,6.61,203,KY- COVINGTON,35402,288,302,298.3662022,1.012178986
2011,HIPREP,204,KY- LEXINGTON,166873,468,483,643.5052657,204,Lexington,KY,"1,525,915",189.3,5.05,204,KY- LEXINGTON,166873,1066,1119,1419.327724,0.788401425
2011,HIPREP,205,KY- LOUISVILLE,197585,728,745,750.7325531,205,Louisville,KY,"1,764,845",198.8,6.42,205,KY- LOUISVILLE,197585,1837,1911,1642.180105,1.163696962
2011,HIPREP,207,KY- OWENSBORO,19527,39,39,75.62976748,207,Owensboro,KY,"145,206",136.1,4.91,207,KY- OWENSBORO,19527,198,204,164.403791,1.240847299
2011,HIPREP,208,KY- PADUCAH,59037,175,178,227.3536914,208,Paducah,KY,"375,728",163.8,6.37,208,KY- PADUCAH,59037,515,532,496.4329975,1.071645122
2011,HIPREP,209,LA- ALEXANDRIA,36502,89,89,132.0101897,209,Alexandria,LA,"291,127",172.1,4.88,209,LA- ALEXANDRIA,36502,252,260,295.1424839,0.880930446
2011,HIPREP,210,LA- BATON ROUGE,66800,160,169,228.0617887,210,Baton Rouge,LA,"943,444",185.1,6.53,210,LA- BATON ROUGE,66800,413,419,512.3408957,0.817814864
2011,HIPREP,212,LA- HOUMA,27130,57,59,99.99069481,212,Houma,LA,"273,854",160.7,8.05,212,LA- HOUMA,27130,210,218,222.1890257,0.981146568
2011,HIPREP,213,LA- LAFAYETTE,70956,170,173,254.1821689,213,Lafayette,LA,"612,379",180.3,6.24,213,LA- LAFAYETTE,70956,539,562,567.0168383,0.991152223
2011,HIPREP,214,LA- LAKE CHARLES,29869,80,83,109.4520012,214,Lake Charles,LA,"278,164",155.2,7.21,214,LA- LAKE CHARLES,29869,276,289,243.5113117,1.186803184
2011,HIPREP,216,LA- METAIRIE,35046,69,71,127.2176241,216,Metairie,LA,"458,584",235.8,6.86,216,LA- METAIRIE,35046,274,280,277.2765698,1.009822071
2011,HIPREP,217,LA- MONROE,33152,71,74,119.2386232,217,Monroe,LA,"270,602",158.6,5.6,217,LA- MONROE,33152,208,217,265.0974949,0.81856677
2011,HIPREP,218,LA- NEW ORLEANS,35762,79,81,111.1018414,218,New Orleans,LA,"657,147",238.5,6.96,218,LA- NEW ORLEANS,35762,189,191,252.6830322,0.755887716
2011,HIPREP,219,LA- SHREVEPORT,84334,227,230,293.6869095,219,Shreveport,LA,"697,005",193.9,6.98,219,LA- SHREVEPORT,84334,560,577,655.3722956,0.880415611
2011,HIPREP,220,LA- SLIDELL,17683,39,41,65.90840851,220,Slidell,LA,"185,158",206.8,8.81,220,LA- SLIDELL,17683,143,145,146.3260871,0.990937453
2011,HIPREP,221,ME- BANGOR,60647,257,266,236.2227806,221,Bangor,ME,"400,737",235.6,8.41,221,ME- BANGOR,60647,409,429,511.6140881,0.838522648
2011,HIPREP,222,ME- PORTLAND,144110,579,595,557.4050635,222,Portland,ME,"1,072,664",249.3,7.5,222,ME- PORTLAND,144110,1070,1164,1197.867793,0.971726602
2011,HIPREP,223,MD- BALTIMORE,300842,1054,1081,1058.16245,223,Baltimore,MD,"2,530,484",257.8,7.38,223,MD- BALTIMORE,300842,2448,2577,2336.304102,1.103024216
2011,HIPREP,225,MD- SALISBURY,81058,305,314,301.4143786,225,Salisbury,MD,"439,563",218.7,7.89,225,MD- SALISBURY,81058,645,671,670.110154,1.00132791
2011,HIPREP,226,MD- TAKOMA PARK,86244,258,265,291.7586347,226,Takoma Park,MD,"949,382",259.1,7.3,226,MD- TAKOMA PARK,86244,547,562,649.5062144,0.865272706
2011,HIPREP,227,MA- BOSTON,563243,2223,2289,2130.253792,227,Boston,MA,"4,828,377",285.5,7.31,227,MA- BOSTON,563243,3857,4003,4587.937164,0.872505411
2011,HIPREP,230,MA- SPRINGFIELD,85670,277,283,321.8264053,230,Springfield,MA,"746,206",256.3,6.55,230,MA- SPRINGFIELD,85670,613,659,688.1911416,0.9575828
2011,HIPREP,231,MA- WORCESTER,61721,210,214,231.9628191,231,Worcester,MA,"805,628",232,5.72,231,MA- WORCESTER,61721,376,390,503.2743076,0.774925312
2011,HIPREP,232,MI- ANN ARBOR,134034,580,590,499.3254869,232,Ann Arbor,MI,"1,401,181",225.3,4.9,232,MI- ANN ARBOR,134034,1064,1113,1083.338819,1.027379413
2011,HIPREP,233,MI- DEARBORN,51707,222,227,196.6516325,233,Dearborn,MI,"517,706",204.1,5.67,233,MI- DEARBORN,51707,450,469,419.2021143,1.118792067
2011,HIPREP,234,MI- DETROIT,174243,596,615,581.4865273,234,Detroit,MI,"1,736,411",217.4,5.49,234,MI- DETROIT,174243,1429,1494,1285.39503,1.162288608
2011,HIPREP,235,MI- FLINT,57290,233,237,210.5167885,235,Flint,MI,"558,439",188.2,3.55,235,MI- FLINT,57290,438,451,462.9859875,0.974111555
2011,HIPREP,236,MI- GRAND RAPIDS,86956,398,404,329.6002851,236,Grand Rapids,MI,"1,190,635",180.5,5.27,236,MI- GRAND RAPIDS,86956,789,826,705.8568057,1.170209019
2011,HIPREP,238,MI- KALAMAZOO,73438,352,359,278.7015769,238,Kalamazoo,MI,"673,187",186.8,6.06,238,MI- KALAMAZOO,73438,742,775,602.8861114,1.285483254
2011,HIPREP,239,MI- LANSING,70207,328,332,267.3387558,239,Lansing,MI,"718,979",187.5,5.02,239,MI- LANSING,70207,686,718,581.1841479,1.235408781
2011,HIPREP,240,MI- MARQUETTE,28733,133,137,110.5453775,240,Marquette,MI,"197,848",198.3,6.46,240,MI- MARQUETTE,28733,222,236,237.1617726,0.995101349
2011,HIPREP,242,MI- MUSKEGON,26883,119,122,101.6598408,242,Muskegon,MI,"269,570",178.6,5.43,242,MI- MUSKEGON,26883,267,277,217.8651238,1.271428832
2011,HIPREP,243,MI- PETOSKEY,27185,148,154,105.3252767,243,Petoskey,MI,"179,645",201.9,8.36,243,MI- PETOSKEY,27185,274,291,228.4367894,1.273875372
2011,HIPREP,244,MI- PONTIAC,44124,169,174,163.8275311,244,Pontiac,MI,"471,047",227,6.07,244,MI- PONTIAC,44124,413,434,359.296809,1.207914986
2011,HIPREP,245,MI- ROYAL OAK,77332,293,300,281.8763319,245,Royal Oak,MI,"680,228",246.9,6.65,245,MI- ROYAL OAK,77332,643,669,607.829364,1.100637843
2011,HIPREP,246,MI- SAGINAW,95024,453,463,364.1395688,246,Saginaw,MI,"631,870",185.7,5.81,246,MI- SAGINAW,95024,898,936,787.6541341,1.18833884
2011,HIPREP,248,MI- ST JOSEPH,18054,88,89,66.77557054,248,St. Joseph,MI,"138,042",195.6,4.6,248,MI- ST JOSEPH,18054,162,171,144.6715494,1.181987756
2011,HIPREP,249,MI- TRAVERSE CITY,36257,150,155,140.3850894,249,Traverse City,MI,"227,573",205.1,5.71,249,MI- TRAVERSE CITY,36257,305,322,303.8637029,1.059685632
2011,HIPREP,250,MN- DULUTH,36367,181,185,139.3488259,250,Duluth,MN,"340,001",219.9,9.15,250,MN- DULUTH,36367,429,442,296.9900123,1.488265537
2011,HIPREP,251,MN- MINNEAPOLIS,204972,1021,1048,780.1835147,251,Minneapolis,MN,"3,240,531",221.8,7.46,251,MN- MINNEAPOLIS,204972,1731,1787,1671.884239,1.068853906
2011,HIPREP,253,MN- ROCHESTER,43907,244,248,169.0467548,253,Rochester,MN,"416,837",248.4,7.12,253,MN- ROCHESTER,43907,448,473,357.0055601,1.324909337
2011,HIPREP,254,MN- ST CLOUD,16456,94,97,63.13382184,254,St. Cloud,MN,"248,386",177,5.46,254,MN- ST CLOUD,16456,150,159,133.2219083,1.193497391
2011,HIPREP,256,MN- ST PAUL,61694,321,327,232.9952603,256,St. Paul,MN,"1,084,754",213.2,7.24,256,MN- ST PAUL,61694,569,602,499.805937,1.204467485
2011,HIPREP,257,MS- GULFPORT,22463,46,47,82.8843623,257,Gulfport,MS,"201,978",213.5,8.75,257,MS- GULFPORT,22463,188,192,184.4400178,1.040988839
2011,HIPREP,258,MS- HATTIESBURG,36530,91,95,133.8450652,258,Hattiesburg,MS,"304,469",169.3,6.71,258,MS- HATTIESBURG,36530,270,279,298.4645795,0.93478429
2011,HIPREP,259,MS- JACKSON,121479,319,327,411.0403905,259,Jackson,MS,"1,078,744",177.2,5.38,259,MS- JACKSON,121479,928,967,923.936268,1.046608985
2011,HIPREP,260,MS- MERIDIAN,27159,73,74,93.74626135,260,Meridian,MS,"196,162",158.1,4.72,260,MS- MERIDIAN,27159,181,188,208.9994376,0.899523951
2011,HIPREP,261,MS- OXFORD,18573,50,52,65.66635013,261,Oxford,MS,"158,162",138.1,6.1,261,MS- OXFORD,18573,121,125,146.818176,0.851393222
2011,HIPREP,262,MS- TUPELO,52779,126,129,192.7771327,262,Tupelo,MS,"391,168",143.2,4.06,262,MS- TUPELO,52779,305,315,428.1258949,0.735764885
2011,HIPREP,263,MO- CAPE GIRARDEAU,39341,99,104,150.5594848,263,Cape Girardeau,MO,"272,138",165.4,3.98,263,MO- CAPE GIRARDEAU,39341,301,312,327.8861302,0.951549856
2011,HIPREP,264,MO- COLUMBIA,94388,374,381,362.2026744,264,Columbia,MO,"699,527",196.8,7.13,264,MO- COLUMBIA,94388,884,912,785.581051,1.160924132
2011,HIPREP,267,MO- JOPLIN,51552,164,166,200.596493,267,Joplin,MO,"373,438",164.2,6.83,267,MO- JOPLIN,51552,448,471,436.0786816,1.080080316
2011,HIPREP,268,MO- KANSAS CITY,247849,960,983,927.9658522,268,Kansas City,MO,"2,488,331",201.3,6.24,268,MO- KANSAS CITY,247849,2230,2334,2018.775455,1.156146413
2011,HIPREP,270,MO- SPRINGFIELD,102477,356,364,396.8773061,270,Springfield,MO,"867,493",162.2,4.71,270,MO- SPRINGFIELD,102477,846,882,863.445093,1.021489388
2011,HIPREP,273,MO- ST LOUIS,367046,1228,1262,1362.66716,273,St. Louis,MO,"3,415,461",193.7,6.13,273,MO- ST LOUIS,367046,3273,3411,2982.24624,1.143768732
2011,HIPREP,274,MT- BILLINGS,74300,389,395,284.6612286,274,Billings,MT,"583,615",207.4,10.33,274,MT- BILLINGS,74300,742,787,616.5878497,1.276379352
2011,HIPREP,275,MT- GREAT FALLS,19066,116,119,73.54837509,275,Great Falls,MT,"153,985",174.7,7.21,275,MT- GREAT FALLS,19066,199,209,157.96664,1.323064161
2011,HIPREP,276,MT- MISSOULA,54037,272,280,206.8752615,276,Missoula,MT,"386,344",205.1,10.4,276,MT- MISSOULA,54037,480,498,451.9231329,1.10195731
2011,HIPREP,277,NE- LINCOLN,79801,386,393,308.2969398,277,Lincoln,NE,"587,567",161.9,6.23,277,NE- LINCOLN,79801,959,999,657.3553517,1.519725971
2011,HIPREP,278,NE- OMAHA,153487,741,751,587.5032187,278,Omaha,NE,"1,302,801",191.1,7.51,278,NE- OMAHA,153487,1711,1771,1263.480477,1.401683708
2011,HIPREP,279,NV- LAS VEGAS,152764,433,448,563.4867997,279,Las Vegas,NV,"2,071,718",160,4.25,279,NV- LAS VEGAS,152764,883,935,1270.756896,0.73578196
2011,HIPREP,280,NV- RENO,87331,368,380,331.5154887,280,Reno,NV,"758,829",197.8,7.21,280,NV- RENO,87331,672,705,733.7173306,0.960860499
2011,HIPREP,281,NH- LEBANON,66221,283,287,254.8626519,281,Lebanon,NH,"404,327",258.6,8.19,281,NH- LEBANON,66221,428,434,550.2505805,0.788731562
2011,HIPREP,282,NH- MANCHESTER,115346,514,530,442.5916549,282,Manchester,NH,"885,436",246.3,7.94,282,NH- MANCHESTER,115346,904,948,960.522897,0.986962417
2011,HIPREP,283,NJ- CAMDEN,380838,1325,1356,1423.519853,283,Camden,NJ,"2,836,742",237,7.59,283,NJ- CAMDEN,380838,2606,2718,3080.48462,0.882328703
2011,HIPREP,284,NJ- HACKENSACK,149840,444,449,568.628838,284,Hackensack,NJ,"1,275,790",253.7,7.51,284,NJ- HACKENSACK,149840,723,750,1220.902372,0.614299732
2011,HIPREP,285,NJ- MORRISTOWN,126296,525,533,475.1604405,285,Morristown,NJ,"1,028,296",247,8.62,285,NJ- MORRISTOWN,126296,782,807,1030.347304,0.783231049
2011,HIPREP,288,NJ- NEW BRUNSWICK,114314,358,364,429.6875112,288,New Brunswick,NJ,"1,035,386",239.9,5.38,288,NJ- NEW BRUNSWICK,114314,630,646,925.9485898,0.697662923
2011,HIPREP,289,NJ- NEWARK,136170,361,370,469.8876423,289,Newark,NJ,"1,535,869",225.6,5.55,289,NJ- NEWARK,136170,547,565,1032.123136,0.547415303
2011,HIPREP,291,NJ- PATERSON,44466,119,124,165.6558716,291,Paterson,NJ,"395,328",227.8,7.27,291,NJ- PATERSON,44466,240,243,357.8254518,0.679102056
2011,HIPREP,292,NJ- RIDGEWOOD,51749,232,237,195.5497277,292,Ridgewood,NJ,"470,660",229.2,7.24,292,NJ- RIDGEWOOD,51749,292,304,420.729796,0.722554007
2011,HIPREP,293,NM- ALBUQUERQUE,154995,469,479,594.2076883,293,Albuquerque,NM,"1,729,817",212.3,6.72,293,NM- ALBUQUERQUE,154995,1057,1103,1311.486363,0.841030476
2011,HIPREP,295,NY- ALBANY,205145,778,790,775.0873966,295,Albany,NY,"1,845,020",217.6,6.92,295,NY- ALBANY,205145,1306,1359,1658.254268,0.819536561
2011,HIPREP,296,NY- BINGHAMTON,44969,214,217,172.8154174,296,Binghamton,NY,"353,353",189.1,7.04,296,NY- BINGHAMTON,44969,346,354,366.7957388,0.965114811
2011,HIPREP,297,NY- BRONX,67980,116,116,225.5991542,297,Bronx,NY,"1,406,842",250.7,4.44,297,NY- BRONX,67980,247,263,502.3223595,0.523568173
2011,HIPREP,299,NY- BUFFALO,96346,359,363,351.6989983,299,Buffalo,NY,"1,359,671",192.2,5.84,299,NY- BUFFALO,96346,590,610,754.0359185,0.80898003
2011,HIPREP,300,NY- ELMIRA,38651,161,165,147.2129582,300,Elmira,NY,"333,197",186.8,5.34,300,NY- ELMIRA,38651,300,309,308.8752678,1.000403827
2011,HIPREP,301,NY- EAST LONG ISLAND,466377,1542,1586,1728.005947,301,East Long Island,NY,"4,722,023",253.4,6.24,301,NY- EAST LONG ISLAND,466377,2307,2415,3720.234572,0.649152615
2011,HIPREP,303,NY- MANHATTAN,381241,1072,1093,1370.263679,303,Manhattan,NY,"4,986,447",285.4,5.51,303,NY- MANHATTAN,381241,1461,1502,2975.676891,0.504759104
2011,HIPREP,304,NY- ROCHESTER,77251,299,305,282.643306,304,Rochester,NY,"1,323,745",201.7,6.17,304,NY- ROCHESTER,77251,503,517,603.0783695,0.857268352
2011,HIPREP,307,NY- SYRACUSE,115574,445,457,441.171556,307,Syracuse,NY,"1,067,609",200.4,7.47,307,NY- SYRACUSE,115574,813,835,937.4762424,0.890689238
2011,HIPREP,308,NY- WHITE PLAINS,129842,523,529,481.3200162,308,White Plains,NY,"1,128,353",298.9,8.61,308,NY- WHITE PLAINS,129842,728,772,1037.515835,0.744085029
2011,HIPREP,309,NC- ASHEVILLE,107173,453,467,413.1849996,309,Asheville,NC,"662,646",208.4,6.89,309,NC- ASHEVILLE,107173,911,948,899.9208268,1.053426003
2011,HIPREP,311,NC- CHARLOTTE,251094,896,921,920.6994663,311,Charlotte,NC,"2,452,841",194,6.02,311,NC- CHARLOTTE,251094,2051,2131,2046.085458,1.041500975
2011,HIPREP,312,NC- DURHAM,152414,489,504,536.6948981,312,Durham,NC,"1,356,161",207.5,5.4,312,NC- DURHAM,152414,1185,1213,1190.73922,1.018694925
2011,HIPREP,313,NC- GREENSBORO,54126,159,161,194.9057756,313,Greensboro,NC,"644,425",176.8,5.75,313,NC- GREENSBORO,54126,450,467,427.7063795,1.09187055
2011,HIPREP,314,NC- GREENVILLE,113627,356,367,398.7279568,314,Greenville,NC,"849,612",187.7,5.65,314,NC- GREENVILLE,113627,929,962,898.8880467,1.070211139
2011,HIPREP,315,NC- HICKORY,38246,157,160,146.940377,315,Hickory,NC,"301,497",165.7,6.9,315,NC- HICKORY,38246,271,279,323.4508735,0.86257303
2011,HIPREP,318,NC- RALEIGH,195553,640,656,686.8473371,318,Raleigh,NC,"2,039,924",204.3,6.64,318,NC- RALEIGH,195553,1524,1570,1547.925108,1.014260956
2011,HIPREP,319,NC- WILMINGTON,65066,266,277,235.5167721,319,Wilmington,NC,"455,962",185.2,7.07,319,NC- WILMINGTON,65066,624,646,530.0163652,1.21883029
2011,HIPREP,320,NC- WINSTON-SALEM,107959,368,381,403.3247044,320,Winston-Salem,NC,"1,135,803",183.5,5.38,320,NC- WINSTON-SALEM,107959,751,783,883.8124212,0.885934596
2011,HIPREP,321,ND- BISMARCK,31434,167,173,121.7345112,321,Bismarck,ND,"206,519",181.3,7.69,321,ND- BISMARCK,31434,334,343,259.0845461,1.323892162
2011,HIPREP,322,ND- FARGO MOORHEAD -MN,56017,305,309,215.6438629,322,Fargo/Moorhead MN,ND,"541,081",181.1,6.8,322,ND- FARGO MOORHEAD -MN,56017,542,558,456.6670677,1.221896737
2011,HIPREP,323,ND- GRAND FORKS,19029,89,90,73.22409509,323,Grand Forks,ND,"161,578",180.1,7.14,323,ND- GRAND FORKS,19029,213,221,155.3935823,1.422195156
2011,HIPREP,324,ND- MINOT,17532,90,91,67.52145923,324,Minot,ND,"129,208",179.7,6.45,324,ND- MINOT,17532,188,192,143.5972903,1.337072584
2011,HIPREP,325,OH- AKRON,54716,200,203,199.532116,325,Akron,OH,"704,829",215.3,6.75,325,OH- AKRON,54716,471,489,429.4370442,1.138700088
2011,HIPREP,326,OH- CANTON,54463,188,193,204.9848417,326,Canton,OH,"647,481",176.7,6.22,326,OH- CANTON,54463,473,488,439.1444559,1.111251647
2011,HIPREP,327,OH- CINCINNATI,138701,532,548,513.1167563,327,Cincinnati,OH,"1,666,947",224.8,7.21,327,OH- CINCINNATI,138701,1249,1294,1117.464345,1.15797878
2011,HIPREP,328,OH- CLEVELAND,206149,837,857,745.5676159,328,Cleveland,OH,"2,064,339",221.2,5.28,328,OH- CLEVELAND,206149,1615,1681,1617.270963,1.039405293
2011,HIPREP,329,OH- COLUMBUS,249847,913,946,942.8916037,329,Columbus,OH,"3,006,134",194.8,5.15,329,OH- COLUMBUS,249847,2230,2381,2061.366498,1.155059036
2011,HIPREP,330,OH- DAYTON,102987,404,423,383.0850165,330,Dayton,OH,"1,086,895",188,5.72,330,OH- DAYTON,102987,928,974,832.0693376,1.170575523
2011,HIPREP,331,OH- ELYRIA,27403,88,90,102.9458081,331,Elyria,OH,"254,125",218.2,8.89,331,OH- ELYRIA,27403,248,250,224.6072851,1.113053835
2011,HIPREP,332,OH- KETTERING,37274,171,172,141.1517968,332,Kettering,OH,"423,360",221.4,5.25,332,OH- KETTERING,37274,317,330,304.7394515,1.082892282
2011,HIPREP,334,OH- TOLEDO,96550,410,417,361.387802,334,Toledo,OH,"1,001,232",189.9,5.85,334,OH- TOLEDO,96550,860,900,783.5896793,1.148560304
2011,HIPREP,335,OH- YOUNGSTOWN,62454,226,231,231.8097781,335,Youngstown,OH,"641,422",193.1,6.81,335,OH- YOUNGSTOWN,62454,504,521,497.017584,1.048252651
2011,HIPREP,336,OK- LAWTON,25444,70,70,97.81606707,336,Lawton,OK,"205,236",180,6.55,336,OK- LAWTON,25444,250,266,214.8987343,1.237792307
2011,HIPREP,339,OK- OKLAHOMA CITY,218676,730,756,838.2460027,339,Oklahoma City,OK,"1,884,678",175.2,6.53,339,OK- OKLAHOMA CITY,218676,2121,2222,1835.664164,1.210461066
2011,HIPREP,340,OK- TULSA,151060,540,554,574.6198046,340,Tulsa,OK,"1,366,076",179.9,6.05,340,OK- TULSA,151060,1379,1447,1261.688172,1.146876092
2011,HIPREP,341,OR- BEND,28456,125,127,107.808857,341,Bend,OR,"222,533",216.4,8.04,341,OR- BEND,28456,300,317,239.8510615,1.321653521
2011,HIPREP,342,OR- EUGENE,75828,312,324,288.438469,342,Eugene,OR,"733,822",206.1,6.56,342,OR- EUGENE,75828,624,654,631.6896857,1.035318472
2011,HIPREP,343,OR- MEDFORD,63181,254,261,240.9260459,343,Medford,OR,"431,272",211.5,6.87,343,OR- MEDFORD,63181,516,538,527.3897002,1.020118519
2011,HIPREP,344,OR- PORTLAND,176460,733,745,662.0281243,344,Portland,OR,"2,686,481",235.9,6.76,344,OR- PORTLAND,176460,1334,1387,1451.488005,0.955571107
2011,HIPREP,345,OR- SALEM,18454,57,61,68.97247666,345,Salem,OR,"322,564",194.7,7.92,345,OR- SALEM,18454,136,143,150.5594186,0.949791128
2011,HIPREP,346,PA- ALLENTOWN,147961,528,536,565.5845897,346,Allentown,PA,"1,244,152",199.9,6.31,346,PA- ALLENTOWN,147961,1189,1225,1207.955617,1.014110107
2011,HIPREP,347,PA- ALTOONA,28299,96,98,108.4798169,347,Altoona,PA,"302,439",193.4,7.14,347,PA- ALTOONA,28299,190,199,230.9141441,0.861792164
2011,HIPREP,350,PA- DANVILLE,56630,230,238,217.9258184,350,Danville,PA,"577,444",185.1,7.07,350,PA- DANVILLE,56630,486,506,465.9051761,1.086057906
2011,HIPREP,351,PA- ERIE,78577,320,328,301.3595038,351,Erie,PA,"725,356",175.1,7.02,351,PA- ERIE,78577,621,643,641.2929243,1.002661928
2011,HIPREP,352,PA- HARRISBURG,106859,414,423,409.3250473,352,Harrisburg,PA,"1,040,217",201.8,7.12,352,PA- HARRISBURG,106859,970,1012,875.5544713,1.155838995
2011,HIPREP,354,PA- JOHNSTOWN,15742,48,48,59.25720156,354,Johnstown,PA,"224,738",179.1,4.84,354,PA- JOHNSTOWN,15742,95,99,125.103801,0.791342862
2011,HIPREP,355,PA- LANCASTER,71215,287,295,269.7342982,355,Lancaster,PA,"666,898",192.2,6.26,355,PA- LANCASTER,71215,551,569,571.9625544,0.99482037
2011,HIPREP,356,PA- PHILADELPHIA,380533,1394,1425,1357.328294,356,Philadelphia,PA,"4,173,352",262.5,6.2,356,PA- PHILADELPHIA,380533,2418,2486,2956.749205,0.840788253
2011,HIPREP,357,PA- PITTSBURGH,212102,759,776,784.1302229,357,Pittsburgh,PA,"2,903,566",206.3,5.64,357,PA- PITTSBURGH,212102,1518,1573,1650.528618,0.953028007
2011,HIPREP,358,PA- READING,63523,215,221,243.5680887,358,Reading,PA,"597,521",195.5,7.31,358,PA- READING,63523,524,539,517.1890513,1.042172101
2011,HIPREP,359,PA- SAYRE,25669,106,109,98.798577,359,Sayre,PA,"196,042",175.7,3.69,359,PA- SAYRE,25669,183,195,213.0366568,0.915335431
2011,HIPREP,360,PA- SCRANTON,45796,150,151,176.610795,360,Scranton,PA,"320,518",185.1,5.6,360,PA- SCRANTON,45796,359,364,378.7961983,0.960938894
2011,HIPREP,362,PA- WILKES-BARRE,34392,112,114,132.9940881,362,Wilkes-Barre,PA,"255,140",188.4,5.3,362,PA- WILKES-BARRE,34392,247,253,280.430187,0.902185327
2011,HIPREP,363,PA- YORK,48037,140,144,183.8566413,363,York,PA,"435,834",190.4,5.95,363,PA- YORK,48037,376,388,392.4758979,0.988595738
2011,HIPREP,364,RI- PROVIDENCE,112927,397,406,422.8890328,364,Providence,RI,"1,230,259",239.7,7.08,364,RI- PROVIDENCE,112927,856,891,908.2015033,0.981059816
2011,HIPREP,365,SC- CHARLESTON,135167,524,532,484.9725522,365,Charleston,SC,"1,039,012",223.4,6.46,365,SC- CHARLESTON,135167,1170,1212,1092.721479,1.109157295
2011,HIPREP,366,SC- COLUMBIA,137486,416,434,475.1810713,366,Columbia,SC,"1,245,433",191.5,6.02,366,SC- COLUMBIA,137486,1096,1140,1066.972287,1.06844387
2011,HIPREP,367,SC- FLORENCE,47694,123,125,159.8734525,367,Florence,SC,"379,491",158.5,4.79,367,SC- FLORENCE,47694,291,298,365.4391671,0.8154572
2011,HIPREP,368,SC- GREENVILLE,103892,351,358,388.8931273,368,Greenville,SC,"904,754",200,8.2,368,SC- GREENVILLE,103892,897,919,856.5958393,1.072851347
2011,HIPREP,369,SC- SPARTANBURG,42391,162,164,157.1920687,369,Spartanburg,SC,"375,426",180.5,6.35,369,SC- SPARTANBURG,42391,360,365,346.1317409,1.054511785
2011,HIPREP,370,SD- RAPID CITY,28464,140,146,109.5460471,370,Rapid City,SD,"218,633",186.8,5.72,370,SD- RAPID CITY,28464,266,274,237.5349556,1.153514435
2011,HIPREP,371,SD- SIOUX FALLS,109878,593,616,423.4770279,371,Sioux Falls,SD,"770,581",182.5,6.47,371,SD- SIOUX FALLS,109878,1223,1264,898.4321127,1.406895393
2011,HIPREP,373,TN- CHATTANOOGA,80000,300,308,303.8256433,373,Chattanooga,TN,"699,600",177.6,6.06,373,TN- CHATTANOOGA,80000,632,649,668.6132917,0.970665717
2011,HIPREP,374,TN- JACKSON,49787,142,145,185.4770722,374,Jackson,TN,"334,537",163.1,5.08,374,TN- JACKSON,49787,308,310,408.7218604,0.758462001
2011,HIPREP,375,TN- JOHNSON CITY,30488,101,102,117.0062308,375,Johnson City,TN,"278,935",206.3,6.04,375,TN- JOHNSON CITY,30488,190,199,255.6703864,0.778345912
2011,HIPREP,376,TN- KINGSPORT,52297,129,132,203.6527679,376,Kingsport,TN,"476,243",203.6,7.49,376,TN- KINGSPORT,52297,299,313,447.5630685,0.699342779
2011,HIPREP,377,TN- KNOXVILLE,148015,483,494,565.7363624,377,Knoxville,TN,"1,369,132",183.2,6.1,377,TN- KNOXVILLE,148015,1177,1209,1239.8112,0.975148474
2011,HIPREP,379,TN- MEMPHIS,187767,490,496,649.5582008,379,Memphis,TN,"1,814,698",171.3,5.69,379,TN- MEMPHIS,187767,1121,1156,1459.757198,0.791912519
2011,HIPREP,380,TN- NASHVILLE,273394,888,908,1033.390546,380,Nashville,TN,"2,783,104",188.8,6.66,380,TN- NASHVILLE,273394,2218,2296,2279.28649,1.007332781
2011,HIPREP,382,TX- ABILENE,44136,123,126,171.2327132,382,Abilene,TX,"295,464",161.1,5.99,382,TX- ABILENE,44136,365,379,372.455404,1.017571489
2011,HIPREP,383,TX- AMARILLO,53013,192,197,206.2316887,383,Amarillo,TX,"444,842",151.2,5.07,383,TX- AMARILLO,53013,559,595,447.3959067,1.329918292
2011,HIPREP,385,TX- AUSTIN,139342,445,458,522.6947459,385,Austin,TX,"1,736,429",206.4,6.84,385,TX- AUSTIN,139342,1170,1219,1157.190493,1.053413425
2011,HIPREP,386,TX- BEAUMONT,51067,141,142,186.3311092,386,Beaumont,TX,"464,158",165.2,4.8,386,TX- BEAUMONT,51067,455,473,410.2423041,1.152977144
2011,HIPREP,388,TX- BRYAN,24115,66,68,88.99813621,388,Bryan,TX,"275,362",166.8,4.7,388,TX- BRYAN,24115,180,183,196.5102781,0.931249
2011,HIPREP,390,TX- CORPUS CHRISTI,46584,111,116,178.8863594,390,Corpus Christi,TX,"563,897",156.1,5.12,390,TX- CORPUS CHRISTI,46584,372,386,389.6615762,0.990603189
2011,HIPREP,391,TX- DALLAS,389779,1228,1252,1442.110613,391,Dallas,TX,"4,819,340",190.8,5.98,391,TX- DALLAS,389779,3076,3196,3199.945498,0.998767011
2011,HIPREP,393,TX- EL PASO,89728,239,248,348.1090905,393,El Paso,TX,"1,113,021",146.9,5.5,393,TX- EL PASO,89728,525,541,757.0058478,0.714657623
2011,HIPREP,394,TX- FORT WORTH,163419,509,527,612.2315212,394,Fort Worth,TX,"2,187,569",164.8,5.81,394,TX- FORT WORTH,163419,1439,1510,1354.868726,1.114499118
2011,HIPREP,396,TX- HARLINGEN,47376,68,69,185.7839911,396,Harlingen,TX,"586,996",113.8,2.32,396,TX- HARLINGEN,47376,359,419,402.2816551,1.041558805
2011,HIPREP,397,TX- HOUSTON,463273,1230,1263,1689.631366,397,Houston,TX,"6,463,755",178.7,5.12,397,TX- HOUSTON,463273,3372,3518,3758.922677,0.935906456
2011,HIPREP,399,TX- LONGVIEW,25701,86,93,95.58916204,399,Longview,TX,"210,478",158.3,6.04,399,TX- LONGVIEW,25701,220,226,210.9358181,1.07141595
2011,HIPREP,400,TX- LUBBOCK,77892,270,275,302.1378146,400,Lubbock,TX,"706,866",160.6,5.41,400,TX- LUBBOCK,77892,893,925,657.8572828,1.406080048
2011,HIPREP,402,TX- MCALLEN,49814,76,77,195.1134388,402,McAllen,TX,"677,095",117.4,2.9,402,TX- MCALLEN,49814,426,476,426.3032357,1.11657609
2011,HIPREP,406,TX- ODESSA,36474,72,72,140.817725,406,Odessa,TX,"350,538",139.8,5.4,406,TX- ODESSA,36474,297,315,306.7833815,1.026783128
2011,HIPREP,411,TX- SAN ANGELO,23000,62,63,89.24662715,411,San Angelo,TX,"159,583",171.1,5.24,411,TX- SAN ANGELO,23000,204,210,193.7865563,1.083666504
2011,HIPREP,412,TX- SAN ANTONIO,237097,501,508,900.8453482,412,San Antonio,TX,"2,720,324",193.2,5.73,412,TX- SAN ANTONIO,237097,1767,1826,1974.952732,0.92457909
2011,HIPREP,413,TX- TEMPLE,35940,109,113,131.9878752,413,Temple,TX,"495,262",225.3,6.48,413,TX- TEMPLE,35940,294,302,296.6521139,1.018027467
2011,HIPREP,416,TX- TYLER,80257,246,249,301.2183761,416,Tyler,TX,"567,755",175.1,5.16,416,TX- TYLER,80257,697,725,663.668311,1.092413165
2011,HIPREP,417,TX- VICTORIA,21489,62,62,81.98188831,417,Victoria,TX,"145,278",178.2,4.91,417,TX- VICTORIA,21489,220,234,178.276147,1.312570436
2011,HIPREP,418,TX- WACO,39709,80,80,146.9289518,418,Waco,TX,"347,363",173.3,5.79,418,TX- WACO,39709,280,291,321.7152164,0.904526691
2011,HIPREP,420,TX- WICHITA FALLS,29239,95,99,113.1075699,420,Wichita Falls,TX,"203,459",180.4,5.74,420,TX- WICHITA FALLS,29239,298,309,246.4446849,1.253831058
2011,HIPREP,421,UT- OGDEN,30879,152,156,118.9728521,421,Ogden,UT,"488,069",166.8,7.64,421,UT- OGDEN,30879,355,386,258.685137,1.492161492
2011,HIPREP,422,UT- PROVO,26373,139,142,101.8213539,422,Provo,UT,"599,188",162.6,5.6,422,UT- PROVO,26373,329,345,221.2065728,1.559628159
2011,HIPREP,423,UT- SALT LAKE CITY,141420,707,729,540.9827206,423,Salt Lake City,UT,"2,031,488",229.2,9.14,423,UT- SALT LAKE CITY,141420,1646,1753,1176.773607,1.489666312
2011,HIPREP,424,VT- BURLINGTON,83622,348,352,323.481316,424,Burlington,VT,"639,192",232.6,8.13,424,VT- BURLINGTON,83622,633,656,700.4002425,0.936607328
2011,HIPREP,426,VA- ARLINGTON,184093,666,684,681.2472252,426,Arlington,VA,"2,303,199",221.1,7.37,426,VA- ARLINGTON,184093,1474,1541,1511.429122,1.019564846
2011,HIPREP,427,VA- CHARLOTTESVILLE,77211,289,295,290.6910423,427,Charlottesville,VA,"573,338",208.9,6.08,427,VA- CHARLOTTESVILLE,77211,629,652,635.6312432,1.02575197
2011,HIPREP,428,VA- LYNCHBURG,38085,149,152,139.9473025,428,Lynchburg,VA,"257,092",195.9,5.29,428,VA- LYNCHBURG,38085,284,295,308.0136881,0.957749644
2011,HIPREP,429,VA- NEWPORT NEWS,69717,306,312,246.7331584,429,Newport News,VA,"564,927",230.8,7.33,429,VA- NEWPORT NEWS,69717,619,638,551.1411701,1.157598152
2011,HIPREP,430,VA- NORFOLK,134577,466,476,470.4126331,430,Norfolk,VA,"1,295,886",223.3,6.34,430,VA- NORFOLK,134577,1116,1156,1047.92495,1.103132433
2011,HIPREP,431,VA- RICHMOND,191206,704,726,670.1789703,431,Richmond,VA,"1,730,860",207.3,6.84,431,VA- RICHMOND,191206,1593,1645,1490.283973,1.103816474
2011,HIPREP,432,VA- ROANOKE,97678,354,363,371.4599985,432,Roanoke,VA,"714,790",199.3,5.5,432,VA- ROANOKE,97678,805,836,810.4396552,1.031538862
2011,HIPREP,435,VA- WINCHESTER,55078,180,184,210.4076367,435,Winchester,VA,"433,780",192.8,5.84,435,VA- WINCHESTER,55078,409,417,464.3558601,0.898018171
2011,HIPREP,437,WA- EVERETT,56369,288,291,214.9328593,437,Everett,WA,"674,299",209.7,7.46,437,WA- EVERETT,56369,458,481,472.0719901,1.018912391
2011,HIPREP,438,WA- OLYMPIA,43002,198,205,163.6333009,438,Olympia,WA,"385,417",191.3,5.95,438,WA- OLYMPIA,43002,337,343,358.7556394,0.956082532
2011,HIPREP,439,WA- SEATTLE,260009,1145,1170,980.9942464,439,Seattle,WA,"2,811,517",237.6,6.65,439,WA- SEATTLE,260009,2041,2118,2134.016261,0.99249478
2011,HIPREP,440,WA- SPOKANE,177329,902,922,680.242736,440,Spokane,WA,"1,514,062",195.5,7.87,440,WA- SPOKANE,177329,1620,1683,1472.313251,1.143099132
2011,HIPREP,441,WA- TACOMA,70586,282,292,267.4715788,441,Tacoma,WA,"802,408",230,6.63,441,WA- TACOMA,70586,579,602,585.555492,1.028083603
2011,HIPREP,442,WA- YAKIMA,30664,165,169,117.6510844,442,Yakima,WA,"297,768",187.2,8.04,442,WA- YAKIMA,30664,226,232,253.9185032,0.913678984
2011,HIPREP,443,WV- CHARLESTON,103560,291,308,400.449487,443,Charleston,WV,"842,347",198.3,5.12,443,WV- CHARLESTON,103560,785,821,877.231977,0.935898396
2011,HIPREP,444,WV- HUNTINGTON,44796,132,136,175.0597525,444,Huntington,WV,"357,937",204.5,5.77,444,WV- HUNTINGTON,44796,330,342,383.2999599,0.892251593
2011,HIPREP,445,WV- MORGANTOWN,48212,160,162,185.7588418,445,Morgantown,WV,"400,181",189.5,5.48,445,WV- MORGANTOWN,48212,323,338,404.0162815,0.836599948
2011,HIPREP,446,WI- APPLETON,23521,122,125,89.43112673,446,Appleton,WI,"320,485",180.4,8.79,446,WI- APPLETON,23521,202,207,189.0144713,1.095154242
2011,HIPREP,447,WI- GREEN BAY,51528,245,253,197.1316643,447,Green Bay,WI,"518,935",184.3,7.12,447,WI- GREEN BAY,51528,545,573,418.8298384,1.368097369
2011,HIPREP,448,WI- LA CROSSE,34788,163,165,132.8016474,448,La Crosse,WI,"359,246",207,5.9,448,WI- LA CROSSE,34788,315,332,282.8144178,1.173914692
2011,HIPREP,449,WI- MADISON,114986,508,523,437.8674669,449,Madison,WI,"1,091,626",219.3,6.6,449,WI- MADISON,114986,1041,1084,949.3585085,1.141823653
2011,HIPREP,450,WI- MARSHFIELD,41138,216,223,157.6037028,450,Marshfield,WI,"372,884",235.4,10.28,450,WI- MARSHFIELD,41138,419,443,339.6218723,1.304391843
2011,HIPREP,451,WI- MILWAUKEE,251636,1191,1224,943.3291963,451,Milwaukee,WI,"2,710,788",225.8,7.07,451,WI- MILWAUKEE,251636,2239,2323,2030.069691,1.144295691
2011,HIPREP,452,WI- NEENAH,18793,88,89,72.06818965,452,Neenah,WI,"243,361",199.5,6.21,452,WI- NEENAH,18793,189,193,152.9715828,1.261672243
2011,HIPREP,456,WI- WAUSAU,23051,108,109,88.50694332,456,Wausau,WI,"196,844",204,8.19,456,WI- WAUSAU,23051,199,211,190.1932858,1.109397733
2011,HIPREP,457,WY- CASPER,27525,129,138,106.5941561,457,Casper,WY,"195,567",217.3,9.97,457,WY- CASPER,27525,230,241,232.0230757,1.038689791
2011,HIPREP,999,National,29905849,108643,111374,111374.0007,999,United States,US,"308,745,538",207.1,6.28,999,National,29905849,233285,243069,243069,1